{"similar_ids":[0,1,2,3,4],"similar_ts":[{"data_points":[1.2566741718091643,1.2453840425797933,1.267837954067963,1.253989812278216,1.253454961911951,1.2576134663030336,1.2599147657462373,1.2422848968261166,1.2152069318975274,1.2237867266388263,1.2213999117107655,1.1890183997680959,1.1973252606130904,1.1923708108301756,1.16466591964383,1.154153330049892,1.1492855100663473,1.127283842683199,1.1150351923201003,1.060354769117576,1.0774255602370997,1.0582796136594186,1.0266306930280524,0.9971465649469612,0.9881091417427732,0.949375588612824,0.9518064773428007,0.9197721689581305,0.8951367644206485,0.8682684761143862,0.8526387244025373,0.8269550304108557,0.8284999350697887,0.7976274913745065,0.7482228573935398,0.7292183667087148,0.7214464350819358,0.6893123391821309,0.6615886222714047,0.6496543039544777,0.6277824139054801,0.6053006727929504,0.5718680165905966,0.5463458571986403,0.5358789499411725,0.510671901919186,0.4824739192567571,0.4685743851792777,0.4412769648015732,0.4200182358512873,0.40863569904856056,0.38713927302879786,0.37585177662896235,0.34841735977302857,0.3308463928504111,0.3150272622575013,0.2793197068493185,0.2693436052282889,0.25638423439847313,0.25090161144647516,0.23326747748801946,0.21526175364419972,0.1950372793752406,0.20524904265233312,0.20536100021322656,0.18148325810302085,0.17331231571298775,0.1518545331699057,0.14458754005102098,0.15228840580929578,0.1404421903996646,0.1297367646008739,0.12040748613876555,0.11085735182674472,0.0826547005421469,0.10474019625078478,0.08526122895424725,0.07872198574721351,0.07221740600939416,0.06298069978072003,0.04096340817920782,0.04557437997913612,0.04833045106260104,0.04943978259271553,0.06598193250562195,0.049334830429654,0.054116203196526075,0.04111196650751918,0.02392984900046371,0.022068638522697102,0.030378373973260788,0.011088745475888433,0.020673181146874983,0.019731473087993008,0.005664194876861288,0.014953704048090146,0.026756141035553106,0.038119472629828094,0.023772758557042313,-0.006434238945073825],"time_points":[0.0,0.01,0.02,0.03,0.04,0.05,0.06,0.07,0.08,0.09,0.1,0.11,0.12,0.13,0.14,0.15,0.16,0.17,0.18,0.19,0.2,0.21,0.22,0.23,0.24,0.25,0.26,0.27,0.28,0.29,0.3,0.31,0.32,0.33,0.34,0.35000000000000003,0.36,0.37,0.38,0.39,0.4,0.41000000000000003,0.42,0.43,0.44,0.45,0.46,0.47000000000000003,0.48,0.49,0.5,0.51,0.52,0.53,0.54,0.55,0.56,0.5700000000000001,0.58,0.59,0.6,0.61,0.62,0.63,0.64,0.65,0.66,0.67,0.68,0.6900000000000001,0.7000000000000001,0.71,0.72,0.73,0.74,0.75,0.76,0.77,0.78,0.79,0.8,0.81,0.8200000000000001,0.8300000000000001,0.84,0.85,0.86,0.87,0.88,0.89,0.9,0.91,0.92,0.93,0.9400000000000001,0.9500000000000001,0.96,0.97,0.98,0.99]},{"data_points":[1.3007504163279158,1.306147352671125,1.2912802849792078,1.3174531645483338,1.3045970163887024,1.3111710098052016,1.3074093938853342,1.3384484798324061,1.3002339487358494,1.3085689605935293,1.3003819663961014,1.287545396164412,1.2898188946345615,1.2533714848190836,1.2676092516486106,1.244747989871747,1.220584421848189,1.2145834157299227,1.1974657268873226,1.1857224371282769,1.1714067240621848,1.142507538720618,1.1220564354942508,1.1296258684168856,1.074153239976821,1.0733052406706831,1.0531536821044112,1.0192076286730718,0.9924340682753158,0.9702504946727132,0.9376503940446637,0.9143998879241806,0.8769288804396488,0.8543408861092222,0.8423034548603237,0.8003747773221583,0.7798336365251027,0.7382063355352562,0.7219376522122647,0.7040872249286645,0.6751230305138538,0.6603809886080827,0.630784985105709,0.6103973789861724,0.5882054492931229,0.5416204888570764,0.5249198437119877,0.5010037363356691,0.48708901595040044,0.46084884586831304,0.4328090386507503,0.4213789605354942,0.4057562046529281,0.37810296379564623,0.36835692880703896,0.3314871609893305,0.3099195354105209,0.30670145790668357,0.26136146561281925,0.2544904206563755,0.2505486501888228,0.23448801632413105,0.2463427367757541,0.21294055915519824,0.19223695243704608,0.178814670353216,0.1666004455384988,0.16360208798829806,0.16392310843840605,0.13835787814486267,0.1399414227327074,0.13344277970537552,0.13179720400030373,0.09832169932155051,0.1159694371257443,0.07452515190099208,0.08146258978263786,0.08376021561906871,0.09072507083845993,0.07625259913144815,0.058101790456616724,0.053738128954580064,0.05917755802452174,0.047333003235959854,0.04572761763157541,0.01978340119926652,0.03662311678914378,0.02776476219259006,0.029362210705866885,0.01817314987283123,0.025382163229946825,0.02724599409304959,0.04280829776238522,0.02709058750223747,0.027412875968832247,0.02803605372150513,0.029104917365925513,0.011052029686175703,0.012353174527207245,-0.009818088346154732],"time_points":[0.0,0.01,0.02,0.03,0.04,0.05,0.06,0.07,0.08,0.09,0.1,0.11,0.12,0.13,0.14,0.15,0.16,0.17,0.18,0.19,0.2,0.21,0.22,0.23,0.24,0.25,0.26,0.27,0.28,0.29,0.3,0.31,0.32,0.33,0.34,0.35000000000000003,0.36,0.37,0.38,0.39,0.4,0.41000000000000003,0.42,0.43,0.44,0.45,0.46,0.47000000000000003,0.48,0.49,0.5,0.51,0.52,0.53,0.54,0.55,0.56,0.5700000000000001,0.58,0.59,0.6,0.61,0.62,0.63,0.64,0.65,0.66,0.67,0.68,0.6900000000000001,0.7000000000000001,0.71,0.72,0.73,0.74,0.75,0.76,0.77,0.78,0.79,0.8,0.81,0.8200000000000001,0.8300000000000001,0.84,0.85,0.86,0.87,0.88,0.89,0.9,0.91,0.92,0.93,0.9400000000000001,0.9500000000000001,0.96,0.97,0.98,0.99]},{"data_points":[1.300316051050958,1.3212433426458046,1.3219732716191481,1.3285119021645484,1.33755093514226,1.3313390349947072,1.3408433541609006,1.3406499455275607,1.344562617051499,1.3588050125591757,1.3376516798422076,1.3269528521646021,1.3373185081474699,1.3076167564728813,1.298623744333435,1.278197653437386,1.2598494866230787,1.2700420683658746,1.230119790996213,1.2343461099018243,1.2007537328008322,1.2072442716001688,1.184817045828681,1.1518135696022465,1.1271093179278535,1.115978758096728,1.0827561259371092,1.0519978270312047,1.034016374772677,1.0205180408813952,0.9802446393096645,0.9623993112811071,0.939412023103298,0.914783618958057,0.8829386240883924,0.8505642672694272,0.8337536641702399,0.8018041432397803,0.7683742083707863,0.7537770284532304,0.7157817244086466,0.6888892190274828,0.6749655590571614,0.6399970767828779,0.6214552421450363,0.6073203916843594,0.5736658316445198,0.5354377591037129,0.54164933676588,0.4905291410448921,0.46745589167787305,0.446661387750385,0.41964131298165275,0.4205802552556884,0.3853193373824647,0.3626196407996521,0.3270272727997068,0.3246645869236796,0.29016823474212317,0.27975657781875685,0.2693757139400472,0.2688578626499496,0.24606877156773008,0.23873129430892276,0.2200998104075512,0.21785858366834124,0.16752984218347805,0.15674287837492576,0.14766380002652635,0.13541981782443238,0.14891122618031338,0.1208050412118841,0.13768799030210888,0.1068785856005175,0.09105247233850204,0.08487245050668138,0.08765784660084877,0.08085807443333998,0.08566100250979247,0.08822228185980131,0.06762431789504429,0.07491583686708314,0.06211361494541822,0.03766723579841673,0.04247375604572838,0.023365753245363528,0.029220815015655547,0.03952773038304955,0.040638321454673665,0.028357285838110466,0.034690108895350416,0.021957980064039144,0.024284472332757608,0.027755925367128356,0.025083445261747266,0.009341814279352899,0.020024251517595265,0.009067676227319698,0.0004118402140456095,0.021172954194930104],